use library;
--  book table
CREATE TABLE book (
    book_id INT NOT NULL,
    book_name VARCHAR(100),
    book_category VARCHAR(100),
    author_name VARCHAR(100),
    Date_Of_Arrival DATE,
    book_status ENUM('Available', 'Not Available'),
    CONSTRAINT pk_book_id PRIMARY KEY (book_id)
);

-- publisher table
CREATE TABLE publisher (
    pub_id INT NOT NULL,
    pub_name VARCHAR(100),
    pub_address VARCHAR(100),
    book_id INT,
    CONSTRAINT pk_pub_id PRIMARY KEY (pub_id),
    CONSTRAINT fk_book_id FOREIGN KEY (book_id) REFERENCES books(book_id)
);
-- borrower
CREATE TABLE borrower (
    borrow_cardno INT NOT NULL,
    borrow_join_date DATE,
    borrow_name VARCHAR(25),
    borrow_age INT,
    borrow_mobileno BIGINT,
    borrow_emailid VARCHAR(100),
    borrow_address VARCHAR(100),
    borrow_fees DOUBLE,
    CONSTRAINT pk_borrow_cardno PRIMARY KEY (borrow_cardno)
);
-- branch_info
CREATE TABLE branch_info (
    branch_id INT NOT NULL,
    branch_name VARCHAR(200),
    branch_address VARCHAR(100),
    startTime TIME,
    endTime TIME,
    book_id INT,
    CONSTRAINT pk_branch_id PRIMARY KEY (branch_id),
    CONSTRAINT fk_book_id FOREIGN KEY (book_id) REFERENCES books(book_id)
);
-- lending_book
CREATE TABLE lending_book (
    lending_cardno INT,
    lending_book_id INT,
    lending_branch_id INT,
    comment SET('check out', 'return', 'renewal'),
    checkoutDate DATE,
    dueDate DATE,
    renewalDate DATE,
    returnedDate DATE,
    CONSTRAINT fk_lending_cardno FOREIGN KEY (lending_cardno) REFERENCES borrowers(borrow_cardno),
    CONSTRAINT fk_lending_book_id FOREIGN KEY (lending_book_id) REFERENCES books(book_id),
    CONSTRAINT fk_lending_branch_id FOREIGN KEY (lending_branch_id) REFERENCES branches(branch_id)
);

-- book table record
INSERT INTO book(book_id, book_name, book_category, author_name, Date_Of_Arrival, book_status)
VALUES
(1, 'Ponniyin Selvan', 'Tamil Novel', 'Kalki Krishnamurthy', '2022-01-01', 'Available'),
(2, 'Sivagamiyin Sabatham', 'Tamil Novel', 'Kalki Krishnamurthy', '2022-01-01', 'Not Available'),
(3, 'Kadal Pura', 'Tamil Novel', 'Sandilyan', '2022-01-01', 'Not Available'),
(4, 'Vengai', 'Tamil Novel', 'K.S.Venkataramani', '2022-01-01', 'Not Available'),
(5, 'Thanneer Thanneer', 'Tamil Novel', 'Jayakanthan', '2022-01-01', 'Not Available'),
(6, '1984', 'Freedom', 'George Orwell', '2022-02-01', 'Not Available'),
(7, 'Pride and Prejudice', 'Romance', 'Jane Austen', '2022-02-01', 'Not Available'),
(8, 'How to Win Friends and Influence People', 'Self_Help', 'Dale Carnegie', '2022-02-01', 'Not Available'),
(9, 'Building Construction Illustrated', 'Construction', 'Francis D.K.Ching', '2022-02-01', 'Available'),
(10, 'Clean Code: A Handbook of Agile Software Craftsmanship', 'IT', 'Robert C. Martin', '2022-03-01', 'Available'),
(11, 'The First Day of School', 'Teacher Education', 'Harry K. Wong and Rosemary T. Wong', '2022-03-01', 'Not Available'),
(12, 'Guns, Germs, and Steel: The Fates of Human Societies', 'Biography', 'Jared Diamond', '2022-03-01', 'Not Available'),
(13, 'The Rise and Fall of the Third Reich: A History of Nazi Germany', 'Biography', 'William L. Shirer', '2022-03-01', 'Available'),
(14, 'A People History of the United States', 'Biography', 'Howard Zinn', '2022-03-01', 'Not Available'),
(15, 'The History of the Decline and Fall of the Roman Empire', 'Biography', 'Edward Gibbon', '2022-03-01', 'Not Available'),
(16, 'Team of Rivals: The Political Genius of Abraham Lincoln', 'Biography', 'Doris Kearns Goodwin', '2022-03-01', 'Not Available'),
(17, 'The Silk Roads: A New History of the World', 'Biography', 'Peter Frankopan', '2022-03-01', 'Not Available'),
(18, '1776', 'Biography', 'David McCullough', '2022-03-01', 'Not Available'),
(19, 'The Wright Brothers', 'Biography', 'David McCullough', '2022-03-01', 'Not Available'),
(20, 'The Diary of a Young Girl', 'Biography', 'Anne Frank', '2022-03-01', 'Not Available'),
(21, 'SPQR: A History of Ancient Rome', 'Biography', 'Mary Beard', '2022-03-01', 'Not Available'),
(22, 'To Kill a Mockingbird', 'Fiction', 'Harper Lee', '2022-06-01', 'Not Available'),
(23, 'The Great Gatsby', 'Fiction', 'F. Scott Fitzgerald', '2022-06-01', 'Available'),
(24, '1984', 'Fiction', 'George Orwell', '2022-06-01', 'Available'),
(25, 'Pride and Prejudice', 'Fiction', 'Jane Austen', '2022-06-01', 'Not Available'),
(26, 'The Catcher in the Rye', 'Fiction', 'J.D. Salinger', '2022-07-01', 'Not Available'),
(27, 'Moby-Dick', 'Fiction', 'Herman Melville', '2022-07-01', 'Not Available'),
(28, 'The Road', 'Fiction', 'Cormac McCarthy', '2022-07-01', 'Not Available'),
(29, 'Beloved', 'Fiction', 'Toni Morrison', '2022-07-01', 'Not Available'),
(30, 'Jane Eyre', 'Fiction', 'Charlotte Brontë', '2022-08-01', 'Available'),
(31, 'The Kite Runner', 'Fiction', 'Khaled Hosseini', '2022-08-01', 'Available'),
(32, 'The Handmaid\'s Tale', 'Dystopian Fiction', 'Margaret Atwood', '2022-08-01', 'Not Available'),
(33, 'Oryx and Crake', 'Dystopian Fiction', 'Margaret Atwood', '2022-09-01', 'Not Available'),
(34, 'The Testaments', 'Dystopian Fiction', 'Margaret Atwood', '2022-09-01', 'Available'),
(35, 'Alias Grace', 'Historical Fiction', 'Margaret Atwood', '2022-10-01', 'Not Available'),
(36, 'The Blind Assassin', 'Literary Fiction', 'Margaret Atwood', '2022-10-01', 'Not Available'),
(37, 'Surfacing', 'Literary Fiction', 'Margaret Atwood', '2022-10-01', 'Available'),
(38, 'The Lincoln Lawyer', 'Legal Thriller', 'Michael Connelly', '2022-11-01', 'Not Available'),
(39, 'The Brass Verdict', 'Legal Thriller', 'Michael Connelly', '2022-11-01', 'Not Available'),
(40, 'Echo Park', 'Legal Thriller', 'Michael Connelly', '2022-11-01', 'Available'),
(41, 'The Poet', 'Detective Fiction', 'Michael Connelly', '2022-12-01', 'Not Available'),
(42, 'The Black Echo', 'Legal Thriller', 'Michael Connelly', '2022-12-01', 'Not Available'),
(43, 'Nine Dragons', 'Crime Thriller', 'Michael Connelly', '2022-12-01', 'Available'),
(44, 'Killing Floor', 'Thriller', 'Lee Child', '2023-01-01', 'Not Available'),
(45, 'Die Trying', 'Thriller', 'Lee Child', '2023-01-01', 'Not Available'),
(46, 'Tripwire', 'Thriller', 'Lee Child', '2023-01-01', 'Available'),
(47, 'One Shot', 'Thriller', 'Lee Child', '2023-02-01', 'Not Available'),
(48, 'The Affair', 'Thriller', 'Lee Child', '2023-02-01', 'Not Available'),
(49, 'Past Tense', 'Thriller', 'Lee Child', '2023-03-01', 'Available'),
(50, 'Harry Potter and the Philosopher\'s Stone', 'Fantasy', 'J.K. Rowling','2023-03-01','Not Available'),
(51, 'Harry Potter and the Chamber of Secrets', 'Fantasy', 'J.K. Rowling', '2023-04-01', 'Not Available'),
(52, 'Harry Potter and the Prisoner of Azkaban', 'Fantasy', 'J.K. Rowling', '2023-04-01', 'Available'),
(53, 'The Casual Vacancy', 'Contemporary Fiction', 'J.K. Rowling', '2023-05-01', 'Not Available'),
(54, 'The Silkworm', 'Mystery', 'Robert Galbraith', '2023-05-01', 'Not Available'),
(55, 'The Cuckoo\'s Calling', 'Mystery', 'Robert Galbraith', '2023-05-01', 'Available'),
(56, 'The Da Vinci Code', 'Thriller', 'Dan Brown', '2023-06-01', 'Not Available'),
(57, 'Angels & Demons', 'Thriller', 'Dan Brown', '2023-06-01', 'Not Available'),
(58, 'Inferno', 'Thriller', 'Dan Brown', '2023-06-01', 'Available'),
(59, 'Deception Point', 'Thriller', 'Dan Brown', '2023-07-01', 'Not Available'),
(60, 'Wild Symphony', 'Thriller', 'Dan Brown', '2023-07-01', 'Not Available'),
(61, 'Origin', 'Thriller', 'Dan Brown', '2023-08-01', 'Available'),
(62, 'The Hobbit', 'Fantasy', 'J.R.R. Tolkien', '2023-08-01', 'Not Available'),
(63, 'The Lord of the Rings: The Fellowship of the Ring', 'Fantasy', 'J.R.R. Tolkien', '2023-09-01', 'Not Available'),
(64, 'The Lord of the Rings: The Two Towers', 'Fantasy', 'J.R.R. Tolkien', '2023-09-01', 'Available'),
(65, 'The Lord of the Rings: The Return of the King', 'Fantasy', 'J.R.R. Tolkien', '2023-10-01', 'Not Available'),
(66, 'The Silmarillion', 'Fantasy', 'J.R.R. Tolkien', '2023-10-01', 'Not Available'),
(67, 'Unfinished Tales', 'Fantasy', 'J.R.R. Tolkien', '2023-10-01', 'Available'),
(68, 'Vision in White', 'Romance', 'Nora Roberts', '2023-11-01', 'Not Available'),
(69, 'Bridal Quartet', 'Romance', 'Nora Roberts', '2023-11-01', 'Not Available'),
(70, 'The Obsession', 'Romantic Suspense', 'Nora Roberts', '2023-12-01', 'Available'),
(71, 'The Witness', 'Romantic Suspense', 'Nora Roberts', '2023-12-01', 'Not Available'),
(72, 'Naked in Death', 'Romantic Suspense', 'J.D. Robb', '2024-01-01', 'Not Available'),
(73, 'Born in Fire', 'Romantic', 'Nora Roberts', '2024-01-01', 'Available'),
(74, 'The Bride', 'Historical Romance', 'Julie Garwood', '2024-02-01', 'Not Available'),
(75, 'Ransom', 'Historical Romance', 'Julie Garwood', '2024-02-01', 'Not Available'),
(76, 'Honor\'s Splendour', 'Historical Romance', 'Julie Garwood', '2024-03-01', 'Available'),
(77, 'Heartbreaker', 'Contemporary Romance', 'Julie Garwood', '2024-03-01', 'Not Available'),
(78, 'Killjoy', 'Contemporary Romance', 'Julie Garwood', '2024-03-01', 'Not Available'),
(79, 'The Wedding', 'Historical Romance', 'Julie Garwood', '2024-04-01', 'Available'),
(80, 'Fifty Shades of Grey', 'Erotic Romance', 'E.L. James', '2024-04-01', 'Not Available'),
(81, 'Fifty Shades Darker', 'Erotic Romance', 'E.L. James', '2024-05-01', 'Not Available'),
(82, 'Fifty Shades Freed', 'Erotic Romance', 'E.L. James', '2024-05-01', 'Available'),
(83, 'Grey: Fifty Shades of Grey as Told by Christian', 'Erotic Romance', 'E.L. James', '2024-06-01', 'Not Available'),
(84, 'Darker: Fifty Shades Darker as Told by Christian', 'Erotic Romance', 'E.L. James', '2024-06-01', 'Not Available'),
(85, 'Freed: Fifty Shades Freed as Told by Christian', 'Erotic Romance', 'E.L. James', '2024-06-01', 'Available'),
(86, '2001: A Space Odyssey', 'Science Fiction', 'Arthur C. Clarke', '2024-07-01', 'Not Available'),
(87, 'Rendezvous with Rama', 'Science Fiction', 'Arthur C. Clarke', '2024-07-01', 'Not Available'),
(88, 'Childhood\'s End', 'Science Fiction', 'Arthur C. Clarke', '2024-07-01', 'Not Available'),
(89, 'The Fountains of Paradise', 'Science Fiction', 'Arthur C. Clarke', '2024-07-01', 'Not Available'),
(90, 'The City and the Stars', 'Science Fiction', 'Arthur C. Clarke', '2024-07-01', 'Available'),
(91, 'Earthlight', 'Science Fiction', 'Arthur C. Clarke', '2024-07-01', 'Not Available'),
(92, 'Foundation', 'Science Fiction', 'Isaac Asimov', '2024-07-01', 'Not Available'),
(93, 'Foundation and Empire', 'Science Fiction', 'Isaac Asimov', '2024-07-01', 'Available'),
(94, 'Second Foundation', 'Science Fiction', 'Isaac Asimov', '2024-07-01', 'Not Available'),
(95, 'I, Robot', 'Science Fiction', 'Isaac Asimov', '2024-07-01', 'Not Available'),
(96, 'The Gods Themselves', 'Science Fiction', 'Isaac Asimov', '2024-07-01', 'Available'),
(97, 'The Caves of Steel', 'Science Fiction', 'Isaac Asimov', '2024-07-01', 'Not Available'),
(98, 'The Power of Now', 'Spiritual/Philosophical', 'Eckhart Tolle', '2024-07-01', 'Not Available'),
(99, 'A New Earth: Awakening to Your Life\'s Purpose', 'Spiritual', 'Eckhart Tolle', '2024-07-01', 'Available'),
(100, 'Stillness Speaks', 'Spiritual', 'Eckhart Tolle', '2024-07-01', 'Not Available'),
(101, 'Practicing the Power of Now', 'Spiritual', 'Eckhart Tolle', '2024-07-01', 'Not Available'),
(102, 'The Power of Now Journal', 'Spiritual', 'Eckhart Tolle', '2024-07-01', 'Available'),
(103, 'Guardians of Being', 'Spiritual', 'Eckhart Tolle', '2024-07-01', 'Not Available'),
(104, 'The Black Prism', 'Fantasy', 'Brent Weeks', '2024-08-01', 'Available'),
(105, 'The Dark Tower: The Gunslinger', 'Fantasy', 'Stephen King', '2024-07-01', 'Available'),
(106, 'The Name of the Wind', 'Fantasy', 'Patrick Rothfuss', '2024-08-01', 'Available'),
(107, 'The Shadow of the Wind', 'Mystery', 'Carlos Ruiz Zafon', '2024-08-01', 'Available'),
(108, 'A Discovery of Witches', 'Fantasy', 'Deborah Harkness', '2024-08-01', 'Available'),
(109, 'The Last Devil to Die', 'Mystery', 'Richard Osman', '2024-08-07', 'Available'),
(110, 'The Summer I Turned Pretty', 'Young Adult', 'Jenny Han', '2024-08-07', 'Available'),
(111, 'The Giver of Stars', 'Historical Fiction', 'Jojo Moyes', '2024-08-07', 'Available'),
(112, 'Circe', 'Fantasy', 'Madeline Miller', '2024-08-20', 'Available'),
(113, 'The Night Circus', 'Fantasy', 'Erin Morgenstern', '2024-08-20', 'Available'),
(114, 'Big Little Lies', 'Contemporary Fiction', 'Liane Moriarty', '2024-08-22', 'Available'),
(115, 'The Silent Patient', 'Psychological Thriller', 'Alex Michaelides', '2024-08-25', 'Available');

-- publisher table record
INSERT INTO publisher (pub_id, pub_name, pub_address, book_id)
 values 
 (1001, 'Manimekalai Publishing House', 'Chennai, Tamil Nadu, India', 1),
    (1001, 'Manimekalai Publishing House', 'Chennai, Tamil Nadu, India', 2),
    (1002, 'Kizhakku Publishers', 'Chennai, Tamil Nadu, India', 3),
    (1003, 'Vikadan Publication', 'Chennai, Tamil Nadu, India', 4),
    (1004, 'Arunodaya Publication', 'Chennai, Tamil Nadu, India', 5),
    (1005, 'Secker & Warburg', 'London', 6),
    (1006, 'T. Egerton', 'London', 7),
    (1007, 'Simon & Schuster', 'New York', 8),
    (1008, 'Wiley', 'Hoboken, New Jersey', 9),
    (1009, 'Prentice Hall', 'Upper Saddle River, New Jersey', 10),
    (1010, 'Harry K. Wong Publication', 'Mountain View, California', 11),
    (1011, 'W.W. Norton & Company', 'New York', 12),
    (1012, 'Simon & Schuster', 'New York, NY', 13),
    (1013, 'Harper & Row', 'New York, NY', 14),
    (1014, 'Strahan & Cadell', 'London, UK', 15),
    (1015, 'Bloomsbury Publishing', 'London, UK', 16),
    (1016, 'Contact Publishing', 'Amsterdam, Netherlands', 17),
    (1017, 'Liveright Publishing', 'New York, NY', 18),
    (1018, 'J.B. Lippincott & Co.', 'Philadelphia, PA', 19),
    (1019, 'Charles Scribner''s Sons', 'New York, NY', 20),
    (1020, 'Secker & Warburg', 'London, UK', 21),
    (1021, 'T. Egerton', 'London, UK', 22),
    (1022, 'Little, Brown and Company', 'New York, NY', 23),
    (1023, 'Harper & Brothers', 'New York, NY', 24),
    (1024, 'Alfred A. Knopf', 'New York, NY', 25),
    (1025, 'Smith, Elder & Co.', 'London, UK', 26),
    (1026, 'Riverhead Books', 'New York, NY', 27),
    (1027, 'Archibald Constable and Company', 'London, UK', 28),
    (1028, 'Lackington, Hughes, Harding, Mavor & Jones', 'London, UK', 29),
    (1029, 'Doubleday', '1745 Broadway, New York, NY 10019, USA', 30),
    (1030, 'Viking Press', 'New York, NY', 31),
    (1031, 'Nan A. Talese', '1745 Broadway, New York, NY 10019, USA', 32),
    (1031, 'Nan A. Talese', '1745 Broadway, New York, NY 10019, USA', 33),
    (1031, 'Nan A. Talese', '1745 Broadway, New York, NY 10019, USA', 34),
    (1031, 'Nan A. Talese', '1745 Broadway, New York, NY 10019, USA', 35),
    (1031, 'Nan A. Talese', '1745 Broadway, New York, NY 10019, USA', 36),
    (1031, 'Nan A. Talese', '1745 Broadway, New York, NY 10019, USA', 37),
    (1032, 'Little, Brown and Company', '1290 Avenue of the Americas, New York, NY 10104, USA', 38),
    (1032, 'Little, Brown and Company', '1290 Avenue of the Americas, New York, NY 10104, USA', 39),
    (1032, 'Little, Brown and Company', '1290 Avenue of the Americas, New York, NY 10104, USA', 40),
    (1032, 'Little, Brown and Company', '1290 Avenue of the Americas, New York, NY 10104, USA', 41),
    (1032, 'Little, Brown and Company', '1290 Avenue of the Americas, New York, NY 10104, USA', 42),
    (1032, 'Little, Brown and Company', '1290 Avenue of the Americas, New York, NY 10104, USA', 43),
    (1033, 'Delacorte Press', '1745 Broadway, New York, NY 10019, USA', 44),
    (1033, 'Delacorte Press', '1745 Broadway, New York, NY 10019, USA', 45),
    (1033, 'Delacorte Press', '1745 Broadway, New York, NY 10019, USA', 46),
    (1033, 'Delacorte Press', '1745 Broadway, New York, NY 10019, USA', 47),
    (1033, 'Delacorte Press', '1745 Broadway, New York, NY 10019, USA', 48),
    (1033, 'Delacorte Press', '1745 Broadway, New York, NY 10019, USA', 49),
    (1034, 'Bloomsbury Publishing (for the Harry Potter series)', '50 Bedford Square, London, WC1B 3DP, United Kingdom', 50),
    (1034, 'Bloomsbury Publishing (for the Harry Potter series)', '50 Bedford Square, London, WC1B 3DP, United Kingdom', 51),
    (1034, 'Bloomsbury Publishing (for the Harry Potter series)', '50 Bedford Square, London, WC1B 3DP, United Kingdom', 52),
    (1034, 'Bloomsbury Publishing (for the Harry Potter series)', '50 Bedford Square, London, WC1B 3DP, United Kingdom', 53),
    (1034, 'Bloomsbury Publishing (for the Harry Potter series)', '50 Bedford Square, London, WC1B 3DP, United Kingdom', 54),
    (1034, 'Bloomsbury Publishing (for the Harry Potter series)', '50 Bedford Square, London, WC1B 3DP, United Kingdom', 55),
    (1029, 'Doubleday', '1745 Broadway, New York, NY 10019, USA', 56),
    (1029, 'Doubleday', '1745 Broadway, New York, NY 10019, USA', 57),
    (1029, 'Doubleday', '1745 Broadway, New York, NY 10019, USA', 58),
    (1029, 'Doubleday', '1745 Broadway, New York, NY 10019, USA', 59),
    (1029, 'Doubleday', '1745 Broadway, New York, NY 10019, USA', 60),
    (1029, 'Doubleday', '1745 Broadway, New York, NY 10019, USA', 61),
    (1036, 'George Allen & Unwin (original publisher for The Hobbit and The Lord of the Rings)', '40 Museum Street, London, WC1A 1LU, United Kingdom', 62),
    (1036, 'George Allen & Unwin (original publisher for The Hobbit and The Lord of the Rings)', '40 Museum Street, London, WC1A 1LU, United Kingdom', 63),
    (1036, 'George Allen & Unwin (original publisher for The Hobbit and The Lord of the Rings)', '40 Museum Street, London, WC1A 1LU, United Kingdom', 64),
    (1036, 'George Allen & Unwin (original publisher for The Hobbit and The Lord of the Rings)', '40 Museum Street, London, WC1A 1LU, United Kingdom', 65),
    (1036, 'George Allen & Unwin (original publisher for The Hobbit and The Lord of the Rings)', '40 Museum Street, London, WC1A 1LU, United Kingdom', 66),
    (1036, 'George Allen & Unwin (original publisher for The Hobbit and The Lord of the Rings)', '40 Museum Street, London, WC1A 1LU, United Kingdom', 67),
    (1037, 'Berkley Books', '375 Hudson Street, New York, NY 10014, USA', 68),
    (1037, 'Berkley Books', '375 Hudson Street, New York, NY 10014, USA', 69),
    (1037, 'Berkley Books', '375 Hudson Street, New York, NY 10014, USA', 70),
    (1037, 'Berkley Books', '375 Hudson Street, New York, NY 10014, USA', 71),
    (1037, 'Berkley Books', '375 Hudson Street, New York, NY 10014, USA', 72),
    (1037, 'Berkley Books', '375 Hudson Street, New York, NY 10014, USA', 73),
    (1038, 'Penguin Group', '375 Hudson Street, New York, NY 10014, USA', 74),
    (1038, 'Penguin Group', '375 Hudson Street, New York, NY 10014, USA', 75),
    (1038, 'Penguin Group', '375 Hudson Street, New York, NY 10014, USA', 76),
    (1038, 'Penguin Group', '375 Hudson Street, New York, NY 10014, USA', 77),
    (1038, 'Penguin Group', '375 Hudson Street, New York, NY 10014, USA', 78),
    (1038, 'Penguin Group', '375 Hudson Street, New York, NY 10014, USA', 79),
    (1039, 'Vintage Books', '1745 Broadway, New York, NY 10019, USA', 80),
    (1039, 'Vintage Books', '1745 Broadway, New York, NY 10019, USA', 81),
    (1039, 'Vintage Books', '1745 Broadway, New York, NY 10019, USA', 82),
    (1039, 'Vintage Books', '1745 Broadway, New York, NY 10019, USA', 83),
    (1039, 'Vintage Books', '1745 Broadway, New York, NY 10019, USA', 84),
    (1039, 'Vintage Books', '1745 Broadway, New York, NY 10019, USA', 85),
    (1040, 'Bantam Books', '1745 Broadway, New York, NY 10019, USA', 86),
    (1040, 'Bantam Books', '1745 Broadway, New York, NY 10019, USA', 87),
    (1040, 'Bantam Books', '1745 Broadway, New York, NY 10019, USA', 88),
    (1040, 'Bantam Books', '1745 Broadway, New York, NY 10019, USA', 89),
    (1040, 'Bantam Books', '1745 Broadway, New York, NY 10019, USA', 90),
    (1040, 'Bantam Books', '1745 Broadway, New York, NY 10019, USA', 91),
    (1041, 'Ballantine Books', '1746 Broadway, New York, NY 10019, USA', 92),
    (1041, 'Ballantine Books', '1747 Broadway, New York, NY 10019, USA', 93),
    (1041, 'Ballantine Books', '1748 Broadway, New York, NY 10019, USA', 94),
    (1041, 'Ballantine Books', '1749 Broadway, New York, NY 10019, USA', 95),
    (1041, 'Ballantine Books', '1750 Broadway, New York, NY 10019, USA', 96),
    (1041, 'Ballantine Books', '1751 Broadway, New York, NY 10019, USA', 97),
    (1042, 'New World Library', '14 Pamaron Way, Novato, CA 94949, USA', 98),
    (1042, 'New World Library', '14 Pamaron Way, Novato, CA 94949, USA', 99),
    (1042, 'New World Library', '14 Pamaron Way, Novato, CA 94949, USA', 100),
    (1042, 'New World Library', '14 Pamaron Way, Novato, CA 94949, USA', 101),
    (1042, 'New World Library', '14 Pamaron Way, Novato, CA 94949, USA', 102),
    (1042, 'New World Library', '14 Pamaron Way, Novato, CA 94949, USA', 103),
    (1041, 'Ballantine Books', '1745 Broadway, New York, NY 10019, USA', 104),
    (1041, 'Ballantine Books', '1745 Broadway, New York, NY 10019, USA', 105),
    (1041, 'Ballantine Books', '1745 Broadway, New York, NY 10019, USA', 106),
    (1041, 'Ballantine Books', '1745 Broadway, New York, NY 10019, USA', 107),
    (1041, 'Ballantine Books', '1745 Broadway, New York, NY 10019, USA', 108),
    (1037, 'Berkley Books', '375 Hudson Street, New York, NY 10014, USA', 109),
    (1037, 'Berkley Books', '375 Hudson Street, New York, NY 10014, USA', 110),
   (1033, 'Delacorte Press', '1745 Broadway, New York, NY 10019, USA', 111);
   
-- borrower table record   
INSERT INTO borrower (
    borrow_cardno, 
    borrow_join_date, 
    borrow_name, 
    borrow_age, 
    borrow_mobileno, 
    borrow_emailid, 
    borrow_address, 
    borrow_fees)
    values
   (501, '2022-01-01', 'NAGASUNDRAM.M', 20, 6379065968, 'nagu7@gmail.com', 'no 53/4,kambur(po),Madurai-625101', 600),
    (502, '2022-01-01', 'MATHAN.M', 25, 9943567897, 'gama78@gmail.com', 'no 70/3,kambur,melur(tk),Madurai-625101', 600),
    (503, '2022-01-10', 'UMA.S', 20, 9887354268, 'uma75@gmail.com', 'no 55,vennila street,kambam,Theni-72', 300),
    (504, '2022-01-20', 'DEVI.K', 30, 6345278912, 'dream65@gmail.com', 'no 44,4th cross murugan street,Trichy-56', 600),
    (505, '2022-01-31', 'VIMAL.G', 25, 6398432906, 'vmg768@gmai.com', '7g rainbow colony,thallakulam ,Madurai-102', 600),
    (506, '2022-02-01', 'SANTHOSH.S', 24, 9853726094, 'sun54@gmail.com', '76 ponmeni, Madurai-112', 600),
    (507, '2022-02-20', 'VINITHA.A', 25, 9355766094, 'vini53@gmail.com', '76 ponnamarawathi, singai-112', 600),
    (508, '2022-02-28', 'MALA.K', 34, 6311422642, 'mala12@gmail.com', '12 vaigai street, Madurai-109', 300),
    (509, '2022-03-01', 'KAVERI.K', 30, 9832647796, 'kaveri24@gmail.com', '12 kavei street, Trichy-143', 600),
    (510, '2022-03-10', 'KAVI.S', 39, 9412644644, 'kavi93@gmail.com', 'barani street, Madurai-143', 600),
    (511, '2022-03-20', 'KAVITHA.T', 30, 6391234153, 'kavitha36@gmail.com', 'annai street, chennai-143', 600),
    (512, '2022-03-31', 'Maha', 30, 9807356241, 'maha31@gmail.com', '16,MG nagar,Taramani', 600),
    (513, '2022-04-01', 'Hema', 28, 9889745824, 'hms78@gmail.com', '29 Gandhi nagar,Taramani', 600),
    (514, '2022-04-10', 'Raji', 25, 9009745847, 'rajima98@gmail.com', 'No.08,Ashok nagar,velachery', 600),
    (515, '2022-04-20', 'Balaji', 26, 9009745832, 'bkj23@gmail.com', 'No.19,Ashok nagar,velachery', 600),
    (516, '2022-04-30', 'Vikram', 28, 9029745754, 'vicky123@gnail.com', 'No.05,Ram nagar,Guindy', 600),
    (517, '2022-05-01', 'Naveen', 40, 9029746301, 'navee19@gmail.com', 'No.4,Periyar nagar,Taramani', 600),
    (518, '2022-05-10', 'Akash', 38, 9029745647, 'akh12@gmail.com', 'No.5A,MG nagar,Taramani', 600),
    (519, '2022-05-20', 'Madhan', 20, 9029744387, 'madhan67@gmail.com', 'No.6D,Gandhi nagar,Taramani', 600),
    (520, '2022-05-31', 'Tamil', 22, 9083794748, 'tamilraj28@gmail.com', 'No.8A,MJ nagar,Thiruvanmyur', 600),
    (521, '2022-06-01', 'Navin', 28, 9068494741, 'nav4@gmail.com', 'No.10,RJ nagar,Thiruvanmyur', 600),
    (522, '2022-06-10', 'sandhya', 28, 9068494627, 'satya25@gmail.com', 'No.10D,Ram nagar,Kotturpuram', 600),
    (523, '2022-06-20', 'saranya', 25, 9068434907, 'skv65@gmail.com', 'No.13A,RA Puram,Mandaiveli', 600),
    (524, '2022-06-30', 'Devi', 20, 9305434907, 'devi96@gmail.com', 'No.12D,ArunachalaPuram,Adayar', 600),
    (525, '2022-07-01', 'Bhuvanesh', 22, 9305430107, 'bhuva42@gmail.com', 'No.10C,Arun nagar,Ashokpillar', 600),
    (526, '2022-07-10', 'Gopi', 21, 9305402836, 'gobi21@gmail.com', 'No.2A,Kamaraj nagar,Koyembedu', 600),
    (527, '2022-07-20', 'Arun', 26, 9068347910, 'arunmeera143@gmail.com', 'No.5G,PM nagar,Kottivakam', 600),
    (528, '2022-07-30', 'Ashok', 29, 9068301245, 'ask76@gmail.com', 'No.6G,PK nagar,Palavakkam', 600),
    (529, '2022-08-10', 'Aravind', 30, 9068364502, 'arav43@gmail.com', 'No.6,CM nagar vadapalani', 600),
    (530, '2022-08-10', 'Mohana', 40, 9068330872, 'mohana67@gmail.com', 'No.45,krishna nagar vadapalani', 600),
    (531, '2022-08-20', 'sakthi', 29, 9068303402, 'sakthins200@gmail.com', 'No.65,Jalathampet,Medvakkam', 600),
    (532, '2023-05-31', 'Kamal', 22, 9083794748, 'tamilraj28@gmail.com', 'No.8A, MJ nagar, Thiruvanmyur', 500),
    (533, '2023-06-01', 'Anita', 29, 9083794749, 'anita@example.com', 'No.9B, MJ nagar, Thiruvanmyur', 600),
    (534, '2023-06-02', 'Ravi', 34, 9083794750, 'ravi@example.com', 'No.10C, MJ nagar, Thiruvanmyur', 550),
    (535, '2023-06-03', 'Sita', 27, 9083794751, 'sita@example.com', 'No.11D, MJ nagar, Thiruvanmyur', 650),
    (536, '2023-06-04', 'Raj', 31, 9083794752, 'raj@example.com', 'No.12E, MJ nagar, Thiruvanmyur', 700),
    (537, '2023-06-05', 'Priya', 28, 9083794753, 'priya@example.com', 'No.13F, MJ nagar, Thiruvanmyur', 720),
    (538, '2023-06-06', 'Ajay', 33, 9083794754, 'ajay@example.com', 'No.14G, MJ nagar, Thiruvanmyur', 540),
    (539, '2023-06-07', 'Meera', 26, 9083794755, 'meera@example.com', 'No.15H, MJ nagar, Thiruvanmyur', 580),
    (540, '2023-06-08', 'Vijay', 32, 9083794756, 'vijay@example.com', 'No.16I, MJ nagar, Thiruvanmyur', 600),
    (541, '2023-06-09', 'Nina', 24, 9083794757, 'nina@example.com', 'No.17J, MJ nagar, Thiruvanmyur', 620),
    (542, '2023-06-10', 'Arun', 30, 9083794758, 'arun@example.com', 'No.18K, MJ nagar, Thiruvanmyur', 630),
    (543, '2023-06-11', 'Sonia', 29, 9083794759, 'sonia@example.com', 'No.19L, MJ nagar, Thiruvanmyur', 650),
    (544, '2023-06-12', 'Ramesh', 35, 9083794760, 'ramesh@example.com', 'No.20M, MJ nagar, Thiruvanmyur', 670),
    (545, '2023-06-13', 'Geeta', 32, 9083794761, 'geeta@example.com', 'No.21N, MJ nagar, Thiruvanmyur', 690),
    (546, '2023-06-14', 'Deepak', 28, 9083794762, 'deepak@example.com', 'No.22O, MJ nagar, Thiruvanmyur', 710),
    (547, '2023-06-15', 'Kiran', 33, 9083794763, 'kiran@example.com', 'No.23P, MJ nagar, Thiruvanmyur', 730),
    (548, '2023-06-16', 'Neha', 27, 9083794764, 'neha@example.com', 'No.24Q, MJ nagar, Thiruvanmyur', 750),
    (549, '2023-06-17', 'Rajesh', 31, 9083794765, 'rajesh@example.com', 'No.25R, MJ nagar, Thiruvanmyur', 770),
    (550, '2023-06-18', 'Pooja', 30, 9083794766, 'pooja@example.com', 'No.26S, MJ nagar, Thiruvanmyur', 790),
    (551, '2023-06-19', 'Sandeep', 34, 9083794767, 'sandeep@example.com', 'No.27T, MJ nagar, Thiruvanmyur', 810),
    (552, '2023-06-20', 'Sneha', 25, 9083794768, 'sneha@example.com', 'No.28U, MJ nagar, Thiruvanmyur', 830),
    (553, '2023-06-21', 'Vikram', 29, 9083794769, 'vikram@example.com', 'No.29V, MJ nagar, Thiruvanmyur', 850),
    (554, '2023-06-22', 'Shreya', 24, 9083794770, 'shreya@example.com', 'No.30W, MJ nagar, Thiruvanmyur', 870),
    (555, '2023-06-23', 'Amit', 32, 9083794771, 'amit@example.com', 'No.31X, MJ nagar, Thiruvanmyur', 890),
    (556, '2023-06-24', 'Jaya', 27, 9083794772, 'jaya@example.com', 'No.32Y, MJ nagar, Thiruvanmyur', 910),
    (557, '2023-06-25', 'Deepa', 30, 9083794773, 'deepa@example.com', 'No.33Z, MJ nagar, Thiruvanmyur', 930),
    (558, '2023-06-26', 'Manish', 28, 9083794774, 'manish@example.com', 'No.34A, MJ nagar, Thiruvanmyur', 950),
    (559, '2023-06-27', 'Sujata', 31, 9083794775, 'sujata@example.com', 'No.35B, MJ nagar, Thiruvanmyur', 970),
    (560, '2023-06-28', 'Kartik', 25, 9083794776, 'kartik@example.com', 'No.36C, MJ nagar, Thiruvanmyur', 990),
    (561, '2023-06-29', 'Anju', 29, 9083794777, 'anju@example.com', 'No.37D, MJ nagar, Thiruvanmyur', 1010),
    (562, '2023-06-30', 'Ravi', 32, 9083794778, 'ravi2@example.com', 'No.38E, MJ nagar, Thiruvanmyur', 1030),
    (563, '2023-07-01', 'Sita', 26, 9083794779, 'sita2@example.com', 'No.39F, MJ nagar, Thiruvanmyur', 1050),
    (564, '2023-07-02', 'Raj', 31, 9083794780, 'raj2@example.com', 'No.40G, MJ nagar, Thiruvanmyur', 1070),
    (565, '2023-07-03', 'Anita', 29, 9083794781, 'anita2@example.com', 'No.41H, MJ nagar, Thiruvanmyur', 1090),
    (566, '2023-07-04', 'Kiran', 34, 9083794782, 'kiran2@example.com', 'No.42I, MJ nagar, Thiruvanmyur', 1110),
    (567, '2023-07-05', 'Geeta', 32, 9083794783, 'geeta2@example.com', 'No.43J, MJ nagar, Thiruvanmyur', 1130),
    (568, '2023-07-06', 'Deepak', 28, 9083794784, 'deepak2@example.com', 'No.44K, MJ nagar, Thiruvanmyur', 1150),
    (569, '2023-07-07', 'Kiran', 33, 9083794785, 'kiran3@example.com', 'No.45L, MJ nagar, Thiruvanmyur', 1170),
    (570, '2023-07-08', 'Neha', 27, 9083794786, 'neha2@example.com', 'No.46m,MJ nagar,Thiruvanmyur', 1170),
    (571, '2023-07-09', 'Sandeep', 30, 9083794787, 'sandeep2@example.com', 'No.46M, MJ nagar, Thiruvanmyur', 1190),
    (572, '2023-07-10', 'Sneha', 25, 9083794788, 'sneha2@example.com', 'No.47N, MJ nagar, Thiruvanmyur', 1210),
    (573, '2023-07-11', 'Vikram', 29, 9083794789, 'vikram2@example.com', 'No.48O, MJ nagar, Thiruvanmyur', 1230),
    (574, '2023-07-12', 'Shreya', 24, 9083794790, 'shreya2@example.com', 'No.49P, MJ nagar, Thiruvanmyur', 1250),
    (575, '2023-07-13', 'Amit', 32, 9083794791, 'amit2@example.com', 'No.50Q, MJ nagar, Thiruvanmyur', 1270),
    (576, '2023-07-14', 'Jaya', 27, 9083794792, 'jaya2@example.com', 'No.51R, MJ nagar, Thiruvanmyur', 1290),
    (577, '2023-07-15', 'Deepa', 30, 9083794793, 'deepa2@example.com', 'No.52S, MJ nagar, Thiruvanmyur', 1310),
    (578, '2023-07-16', 'Manish', 28, 9083794794, 'manish2@example.com', 'No.53T, MJ nagar, Thiruvanmyur', 1330),
    (579, '2023-07-17', 'Sujata', 31, 9083794795, 'sujata2@example.com', 'No.54U, MJ nagar, Thiruvanmyur', 1350),
    (580, '2023-07-18', 'Kartik', 25, 9083794796, 'kartik2@example.com', 'No.55V, MJ nagar, Thiruvanmyur', 1370),
    (581, '2023-07-19', 'Anju', 29, 9083794797, 'anju2@example.com', 'No.56W, MJ nagar, Thiruvanmyur', 1390),
    (582, '2023-07-20', 'Ravi', 32, 9083794798, 'ravi3@example.com', 'No.57X, MJ nagar, Thiruvanmyur', 1410),
    (583, '2023-07-21', 'Sita', 26, 9083794799, 'sita3@example.com', 'No.58Y, MJ nagar, Thiruvanmyur', 1430),
    (584, '2023-07-22', 'Raj', 31, 9083794800, 'raj3@example.com', 'No.59Z, MJ nagar, Thiruvanmyur', 1450),
    (585, '2023-07-23', 'Anita', 29, 9083794801, 'anita3@example.com', 'No.60A, MJ nagar, Thiruvanmyur', 1470),
    (586, '2023-07-24', 'Kiran', 34, 9083794802, 'kiran4@example.com', 'No.61B, MJ nagar, Thiruvanmyur', 1490),
    (587, '2023-07-25', 'Geeta', 32, 9083794803, 'geeta3@example.com', 'No.62C, MJ nagar, Thiruvanmyur', 1510),
    (588, '2023-07-26', 'Deepak', 28, 9083794804, 'deepak3@example.com', 'No.63D, MJ nagar, Thiruvanmyur', 1530),
    (589, '2023-07-27', 'Kiran', 33, 9083794805, 'kiran5@example.com', 'No.64E, MJ nagar, Thiruvanmyur', 1550),
    (590, '2023-07-28', 'Neha', 27, 9083794806, 'neha3@example.com', 'No.65F, MJ nagar, Thiruvanmyur', 1570),
    (591, '2023-07-29', 'Sandeep', 30, 9083794807, 'sandeep3@example.com', 'No.66G, MJ nagar, Thiruvanmyur', 1590),
    (592, '2023-07-30', 'Sneha', 25, 9083794808, 'sneha3@example.com', 'No.67H, MJ nagar, Thiruvanmyur', 1610),
    (593, '2023-07-31', 'Vikram', 29, 9083794809, 'vikram3@example.com', 'No.68I, MJ nagar, Thiruvanmyur', 1630),
    (594, '2023-08-01', 'Shreya', 24, 9083794810, 'shreya3@example.com', 'No.69J, MJ nagar, Thiruvanmyur', 1650),
    (595, '2023-08-02', 'Amit', 32, 9083794811, 'amit3@example.com', 'No.70K, MJ nagar, Thiruvanmyur', 1670),
    (596, '2023-08-03', 'Jaya', 27, 9083794812, 'jaya3@example.com', 'No.71L, MJ nagar, Thiruvanmyur', 1690),
    (597, '2023-08-04', 'Deepa', 30, 9083794813, 'deepa3@example.com', 'No.72M, MJ nagar, Thiruvanmyur', 1710),
    (598, '2023-08-05', 'Manish', 28, 9083794814, 'manish3@example.com', 'No.73N, MJ nagar, Thiruvanmyur', 1730),
    (599, '2023-08-06', 'Sujata', 31, 9083794815, 'sujata3@example.com', 'No.74O, MJ nagar, Thiruvanmyur', 1750),
    (600, '2023-08-07', 'Kartik', 25, 9083794816, 'kartik3@example.com', 'No.75P, MJ nagar, Thiruvanmyur', 1770),
    (601, '2023-08-08', 'Anju', 29, 9083794817, 'anju3@example.com', 'No.76Q, MJ nagar, Thiruvanmyur', 1790),
    (602, '2023-08-09', 'Ravi', 32, 9083794818, 'ravi4@example.com', 'No.77R, MJ nagar, Thiruvanmyur', 1810),
    (603, '2023-08-10', 'Sita', 26, 9083794819, 'sita4@example.com', 'No.78S, MJ nagar, Thiruvanmyur', 1830);
    
-- branch table record
 INSERT INTO branch_info (
    branch_id, 
    branch_name, 
    branch_address, 
    startTime, 
    endTime, 
    book_id)
values
(1, 'Anna Centenary Library (Central Library)', 'Kotturpuram, Chennai - 600085', '09:30:00', '17:00:00', 1),
    (2, 'Mylapore Library', 'Address: No. 78, Luz Church Road, Mylapore, Chennai - 600004', '09:00:00', '17:00:00', 2),
    (3, 'Adyar Library', '1st Main Road, Gandhi Nagar, Adyar, Chennai - 600020', '10:00:00', '17:00:00', 3),
    (5, 'Kilpauk Library', 'No. 6, Padmini Street, Kilpauk, Chennai - 600010', '09:00:00', '16:00:00', 6),
    (5, 'Kilpauk Library', 'No. 6, Padmini Street, Kilpauk, Chennai - 600010', '09:00:00', '16:00:00', 7),
    (5, 'Kilpauk Library', 'No. 6, Padmini Street, Kilpauk, Chennai - 600010', '09:00:00', '16:00:00', 8),
    (5, 'Kilpauk Library', 'No. 6, Padmini Street, Kilpauk, Chennai - 600010', '09:00:00', '16:00:00', 9),
    (5, 'Kilpauk Library', 'No. 6, Padmini Street, Kilpauk, Chennai - 600010', '09:00:00', '16:00:00', 10),
    (5, 'Kilpauk Library', 'No. 6, Padmini Street, Kilpauk, Chennai - 600010', '09:00:00', '16:00:00', 11),
    (4, 'T. Nagar Library', 'No. 12, Ranganathan Street, T. Nagar, Chennai - 600017', '09:00:00', '16:00:00', 12),
    (4, 'T. Nagar Library', 'No. 12, Ranganathan Street, T. Nagar, Chennai - 600017', '09:00:00', '16:00:00', 13),
    (4, 'T. Nagar Library', 'No. 12, Ranganathan Street, T. Nagar, Chennai - 600017', '09:00:00', '16:00:00', 14),
    (4, 'T. Nagar Library', 'No. 12, Ranganathan Street, T. Nagar, Chennai - 600017', '09:00:00', '16:00:00', 15),
    (4, 'T. Nagar Library', 'No. 12, Ranganathan Street, T. Nagar, Chennai - 600017', '09:00:00', '16:00:00', 16),
    (4, 'T. Nagar Library', 'No. 12, Ranganathan Street, T. Nagar, Chennai - 600017', '09:00:00', '16:00:00', 17),
    (4, 'T. Nagar Library', 'No. 12, Ranganathan Street, T. Nagar, Chennai - 600017', '09:00:00', '16:00:00', 18),
    (3, 'Adyar Library', '1st Main Road, Gandhi Nagar, Adyar, Chennai - 600020', '10:00:00', '17:00:00', 19),
    (3, 'Adyar Library', '1st Main Road, Gandhi Nagar, Adyar, Chennai - 600020', '10:00:00', '17:00:00', 20),
    (3, 'Adyar Library', '1st Main Road, Gandhi Nagar, Adyar, Chennai - 600020', '10:00:00', '17:00:00', 21),
    (3, 'Adyar Library', '1st Main Road, Gandhi Nagar, Adyar, Chennai - 600020', '10:00:00', '17:00:00', 22),
    (3, 'Adyar Library', '1st Main Road, Gandhi Nagar, Adyar, Chennai - 600020', '10:00:00', '17:00:00', 23),
    (3, 'Adyar Library', '1st Main Road, Gandhi Nagar, Adyar, Chennai - 600020', '10:00:00', '17:00:00', 24),
    (3, 'Adyar Library', '1st Main Road, Gandhi Nagar, Adyar, Chennai - 600020', '10:00:00', '17:00:00', 25),
    (3, 'Adyar Library', '1st Main Road, Gandhi Nagar, Adyar, Chennai - 600020', '10:00:00', '17:00:00', 26),
    (3, 'Adyar Library', '1st Main Road, Gandhi Nagar, Adyar, Chennai - 600020', '10:00:00', '17:00:00', 27),
    (2, 'Mylapore Library', 'Address: No. 78, Luz Church Road, Mylapore, Chennai - 600004', '09:00:00', '17:00:00', 28),
    (2, 'Mylapore Library', 'Address: No. 78, Luz Church Road, Mylapore, Chennai - 600004', '09:00:00', '17:00:00', 29),
    (2, 'Mylapore Library', 'Address: No. 78, Luz Church Road, Mylapore, Chennai - 600004', '09:00:00', '17:00:00', 30),
    (2, 'Mylapore Library', 'Address: No. 78, Luz Church Road, Mylapore, Chennai - 600004', '09:00:00', '17:00:00', 31),
    (1, 'Anna Centenary Library (Central Library)', 'Kotturpuram Chennai - 600085', '09:30:00', '17:00:00', 32),
    (2, 'Mylapore Library', 'Address: No. 78, Luz Church Road, Mylapore, Chennai - 600004', '09:00:00', '17:00:00', 33),
    (3, 'Adyar Library', '1st Main Road, Gandhi Nagar, Adyar, Chennai - 600020', '10:00:00', '17:00:00', 34),
    (4, 'T. Nagar Library', 'No. 12, Ranganathan Street, T. Nagar, Chennai - 600017', '09:00:00', '16:00:00', 4),
    (5, 'Kilpauk Library', 'No. 6, Padmini Street, Kilpauk, Chennai - 600010', '09:00:00', '16:00:00', 5),
    (4, 'T. Nagar Library', 'No. 12, Ranganathan Street, T. Nagar, Chennai - 600017', '09:00:00', '16:00:00', 35),
    (5, 'Kilpauk Library', 'No. 6, Padmini Street, Kilpauk, Chennai - 600010', '09:00:00', '16:00:00', 36),
    (1, 'Anna Centenary Library (Central Library)', 'Kotturpuram Chennai - 600085', '09:30:00', '17:00:00', 37),
    (2, 'Mylapore Library', 'Address: No. 78, Luz Church Road, Mylapore, Chennai - 600004', '09:00:00', '17:00:00', 38),
    (3, 'Adyar Library', '1st Main Road, Gandhi Nagar, Adyar, Chennai - 600020', '10:00:00', '17:00:00', 39),
    (4, 'T. Nagar Library', 'No. 12, Ranganathan Street, T. Nagar, Chennai - 600017', '09:00:00', '16:00:00', 40),
    (5, 'Kilpauk Library', 'No. 6, Padmini Street, Kilpauk, Chennai - 600010', '09:00:00', '16:00:00', 41),
    (1, 'Anna Centenary Library (Central Library)', 'Kotturpuram Chennai - 600085', '09:30:00', '17:00:00', 42),
    (2, 'Mylapore Library', 'Address: No. 78, Luz Church Road, Mylapore, Chennai - 600004', '09:00:00', '17:00:00', 43),
    (3, 'Adyar Library', '1st Main Road, Gandhi Nagar, Adyar, Chennai - 600020', '10:00:00', '17:00:00', 44),
    (4, 'T. Nagar Library', 'No. 12, Ranganathan Street, T. Nagar, Chennai - 600017', '09:00:00', '16:00:00', 45),
    (5, 'Kilpauk Library', 'No. 6, Padmini Street, Kilpauk, Chennai - 600010', '09:00:00', '16:00:00', 46),
    (1, 'Anna Centenary Library (Central Library)', 'Kotturpuram Chennai - 600085', '09:30:00', '17:00:00', 47),
    (2, 'Mylapore Library', 'Address: No. 78, Luz Church Road, Mylapore, Chennai - 600004', '09:00:00', '17:00:00', 48),
    (3, 'Adyar Library', '1st Main Road, Gandhi Nagar, Adyar, Chennai - 600020', '10:00:00', '17:00:00', 49),
    (4, 'T. Nagar Library', 'No. 12, Ranganathan Street, T. Nagar, Chennai - 600017', '09:00:00', '16:00:00', 50),
    (5, 'Kilpauk Library', 'No. 6, Padmini Street, Kilpauk, Chennai - 600010', '09:00:00', '16:00:00', 51),
    (1, 'Anna Centenary Library (Central Library)', 'Kotturpuram Chennai - 600085', '09:30:00', '17:00:00', 52),
    (1, 'Anna Centenary Library (Central Library)', 'Kotturpuram Chennai - 600085', '09:30:00', '17:00:00', 52),
    (2, 'Mylapore Library', 'Address: No. 78, Luz Church Road, Mylapore, Chennai - 600004', '09:00:00', '17:00:00', 53),
    (3, 'Adyar Library', '1st Main Road, Gandhi Nagar, Adyar, Chennai - 600020', '10:00:00', '17:00:00', 54),
    (4, 'T. Nagar Library', 'No. 12, Ranganathan Street, T. Nagar, Chennai - 600017', '09:00:00', '16:00:00', 55),
    (5, 'Kilpauk Library', 'No. 6, Padmini Street, Kilpauk, Chennai - 600010', '09:00:00', '16:00:00', 56),
    (1, 'Anna Centenary Library (Central Library)', 'Kotturpuram Chennai - 600085', '09:30:00', '17:00:00', 57),
    (2, 'Mylapore Library', 'Address: No. 78, Luz Church Road, Mylapore, Chennai - 600004', '09:00:00', '17:00:00', 58),
    (3, 'Adyar Library', '1st Main Road, Gandhi Nagar, Adyar, Chennai - 600020', '10:00:00', '17:00:00', 59),
    (4, 'T. Nagar Library', 'No. 12, Ranganathan Street, T. Nagar, Chennai - 600017', '09:00:00', '16:00:00', 60),
    (5, 'Kilpauk Library', 'No. 6, Padmini Street, Kilpauk, Chennai - 600010', '09:00:00', '16:00:00', 61),
    (1, 'Anna Centenary Library (Central Library)', 'Kotturpuram Chennai - 600085', '09:30:00', '17:00:00', 62),
    (2, 'Mylapore Library', 'Address: No. 78, Luz Church Road, Mylapore, Chennai - 600004', '09:00:00', '17:00:00', 63),
    (3, 'Adyar Library', '1st Main Road, Gandhi Nagar, Adyar, Chennai - 600020', '10:00:00', '17:00:00', 64),
    (4, 'T. Nagar Library', 'No. 12, Ranganathan Street, T. Nagar, Chennai - 600017', '09:00:00', '16:00:00', 65),
    (5, 'Kilpauk Library', 'No. 6, Padmini Street, Kilpauk, Chennai - 600010', '09:00:00', '16:00:00', 66),
    (1, 'Anna Centenary Library (Central Library)', 'Kotturpuram Chennai - 600085', '09:30:00', '17:00:00', 67),
    (2, 'Mylapore Library', 'Address: No. 78, Luz Church Road, Mylapore, Chennai - 600004', '09:00:00', '17:00:00', 68),
    (3, 'Adyar Library', '1st Main Road, Gandhi Nagar, Adyar, Chennai - 600020', '10:00:00', '17:00:00', 69),
    (4, 'T. Nagar Library', 'No. 12, Ranganathan Street, T. Nagar, Chennai - 600017', '09:00:00', '16:00:00', 70),
    (5, 'Kilpauk Library', 'No. 6, Padmini Street, Kilpauk, Chennai - 600010', '09:00:00', '16:00:00', 71),
    (1, 'Anna Centenary Library (Central Library)', 'Kotturpuram Chennai - 600085', '09:30:00', '17:00:00', 72),
    (2, 'Mylapore Library', 'Address: No. 78, Luz Church Road, Mylapore, Chennai - 600004', '09:00:00', '17:00:00', 73),
    (3, 'Adyar Library', '1st Main Road, Gandhi Nagar, Adyar, Chennai - 600020', '10:00:00', '17:00:00', 74),
    (4, 'T. Nagar Library', 'No. 12, Ranganathan Street, T. Nagar, Chennai - 600017', '09:00:00', '16:00:00', 75),
    (5, 'Kilpauk Library', 'No. 6, Padmini Street, Kilpauk, Chennai - 600010', '09:00:00', '16:00:00', 76),
    (1, 'Anna Centenary Library (Central Library)', 'Kotturpuram Chennai - 600085', '09:30:00', '17:00:00', 77),
    (2, 'Mylapore Library', 'Address: No. 78, Luz Church Road, Mylapore, Chennai - 600004', '09:00:00', '17:00:00', 78),
    (3, 'Adyar Library', '1st Main Road, Gandhi Nagar, Adyar, Chennai - 600020', '10:00:00', '17:00:00', 79),
    (4, 'T. Nagar Library', 'No. 12, Ranganathan Street, T. Nagar, Chennai - 600017', '09:00:00', '16:00:00', 80),
    (5, 'Kilpauk Library', 'No. 6, Padmini Street, Kilpauk, Chennai - 600010', '09:00:00', '16:00:00', 81),
    (1, 'Anna Centenary Library (Central Library)', 'Kotturpuram Chennai - 600085', '09:30:00', '17:00:00', 82),
    (2, 'Mylapore Library', 'Address: No. 78, Luz Church Road, Mylapore, Chennai - 600004', '09:00:00', '17:00:00', 83),
    (3, 'Adyar Library', '1st Main Road, Gandhi Nagar, Adyar, Chennai - 600020', '10:00:00', '17:00:00', 84),
    (4, 'T. Nagar Library', 'No. 12, Ranganathan Street, T. Nagar, Chennai - 600017', '09:00:00', '16:00:00', 85),
    (5, 'Kilpauk Library', 'No. 6, Padmini Street, Kilpauk, Chennai - 600010', '09:00:00', '16:00:00', 86),
    (1, 'Anna Centenary Library (Central Library)', 'Kotturpuram Chennai - 600085', '09:30:00', '17:00:00', 87),
    (2, 'Mylapore Library', 'Address: No. 78, Luz Church Road, Mylapore, Chennai - 600004', '09:00:00', '17:00:00', 88),
    (3, 'Adyar Library', '1st Main Road, Gandhi Nagar, Adyar, Chennai - 600020', '10:00:00', '17:00:00', 89),
    (4, 'T. Nagar Library', 'No. 12, Ranganathan Street, T. Nagar, Chennai - 600017', '09:00:00', '16:00:00', 90),
    (5, 'Kilpauk Library', 'No. 6, Padmini Street, Kilpauk, Chennai - 600010', '09:00:00', '16:00:00', 91),
    (1, 'Anna Centenary Library (Central Library)', 'Kotturpuram Chennai - 600085', '09:30:00', '17:00:00', 92),
    (2, 'Mylapore Library', 'Address: No. 78, Luz Church Road, Mylapore, Chennai - 600004', '09:00:00', '17:00:00', 93),
    (3, 'Adyar Library', '1st Main Road, Gandhi Nagar, Adyar, Chennai - 600020', '10:00:00', '17:00:00', 94),
    (4, 'T. Nagar Library', 'No. 12, Ranganathan Street, T. Nagar, Chennai - 600017', '09:00:00', '16:00:00', 95),
    (5, 'Kilpauk Library', 'No. 6, Padmini Street, Kilpauk, Chennai - 600010', '09:00:00', '16:00:00', 96),
    (1, 'Anna Centenary Library (Central Library)', 'Kotturpuram Chennai - 600085', '09:30:00', '17:00:00', 97),
    (2, 'Mylapore Library', 'Address: No. 78, Luz Church Road, Mylapore, Chennai - 600004', '09:00:00', '17:00:00', 98),
    (3, 'Adyar Library', '1st Main Road, Gandhi Nagar, Adyar, Chennai - 600020', '10:00:00', '17:00:00', 99),
    (5, 'Kilpauk Library', 'No. 6, Padmini Street, Kilpauk, Chennai - 600010', '09:00:00', '16:00:00', 100),
    (4, 'T. Nagar Library', 'No. 12, Ranganathan Street, T. Nagar, Chennai - 600017', '09:00:00', '16:00:00', 101),
    (5, 'Kilpauk Library', 'No. 6, Padmini Street, Kilpauk, Chennai - 600010', '09:00:00', '16:00:00', 102),
    (3, 'Adyar Library', '1st Main Road, Gandhi Nagar, Adyar, Chennai - 600020', '10:00:00', '17:00:00', 103);
    
-- lending_book record
    INSERT INTO lending_book (
    lending_cardno, 
    lending_book_id, 
    lending_branch_id, 
    comment, 
    checkoutDate, 
    dueDate, 
    renewalDate, 
    returnedDate)
VALUES
(501, 1, 1, 'return', '2022-01-01', '2022-01-15', NULL, '2022-01-12'),
    (502, 2, 1, 'renewal', '2022-01-01', '2022-01-15', '2022-01-13', NULL),
    (503, 3, 1, 'check out', '2022-01-10', '2022-01-24', NULL, NULL),
    (504, 4, 1, 'renewal', '2022-01-20', '2022-02-03', '2022-02-02', NULL),
    (505, 5, 1, 'renewal', '2022-01-31', '2022-02-14', '2022-02-10', NULL),
    (506, 6, 1, 'renewal', '2022-02-01', '2022-02-15', '2024-02-09', NULL),
    (507, 7, 1, 'renewal', '2022-02-10', '2022-02-24', '2024-02-24', NULL),
    (508, 8, 1, 'renewal', '2022-02-20', '2022-03-04', '2022-03-03', NULL),
    (509, 9, 1, 'return', '2022-02-28', '2022-03-14', NULL, '2022-03-13'),
    (510, 10, 1, 'return', '2022-03-01', '2022-03-15', NULL, '2022-03-13'),
    (511, 11, 2, 'renewal', '2022-03-10', '2022-03-24', '2022-03-20', NULL),
    (512, 12, 2, 'check out', '2022-03-20', '2022-03-03', NULL, NULL),
    (513, 13, 2, 'return', '2022-03-31', '2022-04-14', NULL, '2024-04-14'),
    (514, 14, 2, 'renewal', '2022-04-01', '2022-04-15', '2024-04-12', NULL),
    (515, 15, 2, 'renewal', '2022-04-10', '2022-04-24', '2024-04-20', NULL),
    (516, 16, 2, 'renewal', '2022-04-20', '2022-05-04', '2022-05-02', NULL),
    (518, 18, 2, 'renewal', '2022-05-01', '2022-05-15', '2024-05-13', NULL),
    (517, 17, 2, 'renewal', '2022-04-30', '2022-05-14', '2024-05-10', NULL),
    (519, 19, 2, 'check out', '2022-05-10', '2022-05-24', NULL, NULL),
    (520, 20, 2, 'renewal', '2022-05-20', '2022-06-03', '2024-06-02', NULL),
    (521, 21, 3, 'renewal', '2022-05-31', '2022-06-14', '2024-06-10', NULL),
    (522, 22, 3, 'renewal', '2022-06-01', '2022-06-15', '2024-06-14', NULL),
    (523, 23, 3, 'return', '2022-06-10', '2022-06-24', NULL, '2024-06-15'),
    (524, 24, 3, 'return', '2022-06-20', '2022-07-04', NULL, '2022-07-03'),
    (525, 25, 3, 'renewal', '2022-06-30', '2022-07-14', '2022-07-08', NULL),
    (526, 26, 4, 'renewal', '2022-07-01', '2022-07-15', '2022-07-08'),
(527, 27, 4, 'renewal', '2022-07-10', '2022-07-24', '2022-07-20'),
(528, 28, 4, 'renewal', '2022-07-20', '2022-07-04', '2022-08-01'),
(529, 29, 4, 'renewal', '2022-07-31', '2022-08-14', '2022-08-11'),
(530, 30, 5, 'return', '2022-08-01', '2022-08-15', NULL, '2022-08-12'),
(531, 31, 5, 'return', '2022-08-10', '2022-08-24', NULL, '2022-08-20'),
(532, 32, 5, 'check out', '2022-08-15', '2022-09-01', NULL, NULL),
(533, 33, 4, 'renewal', '2022-09-01', '2022-09-15', '2022-09-10'),
(534, 34, 3, 'return', '2022-09-15', '2022-10-01', NULL, '2022-09-28'),
(535, 35, 2, 'check out', '2022-10-01', '2022-10-15', NULL, NULL),
(536, 36, 1, 'renewal', '2022-10-05', '2022-10-20', '2022-10-12'),
(537, 37, 1, 'return', '2022-10-20', '2022-11-05', NULL, '2022-10-31'),
(538, 38, 2, 'check out', '2022-11-01', '2022-11-15', NULL, NULL),
(539, 39, 3, 'renewal', '2022-11-07', '2022-11-21', '2022-11-15'),
(540, 40, 4, 'return', '2022-11-21', '2022-12-05', NULL, '2022-11-30'),
(541, 41, 5, 'check out', '2022-12-01', '2022-12-15', NULL, NULL),
(542, 42, 1, 'renewal', '2022-12-05', '2022-12-20', '2022-12-15'),
(543, 43, 2, 'return', '2022-12-20', '2023-01-05', NULL, '2022-12-28'),
(544, 44, 3, 'check out', '2023-01-10', '2023-01-24', NULL, NULL),
(545, 45, 4, 'renewal', '2023-01-15', '2023-01-30', '2023-01-25'),
(546, 46, 5, 'return', '2023-01-30', '2023-02-15', NULL, '2023-02-10'),
(547, 47, 5, 'check out', '2023-02-20', '2023-03-06', NULL, NULL),
(548, 48, 4, 'renewal', '2023-02-25', '2023-03-10', '2023-03-05'),
(549, 49, 4, 'return', '2023-03-10', '2023-03-25', NULL, '2023-03-20'),
(550, 50, 4, 'check out', '2023-03-30', '2023-04-15', NULL, NULL),
(551, 51, 4, 'renewal', '2023-04-01', '2023-04-15', '2023-04-10'),
(552, 52, 4, 'return', '2023-04-15', '2023-04-30', NULL, '2023-04-25'),
(553, 53, 4, 'check out', '2023-05-01', '2023-05-15', NULL, NULL),
(554, 54, 3, 'renewal', '2023-05-10', '2023-05-24', '2023-05-20'),
(555, 55, 3, 'return', '2023-05-24', '2023-06-07', NULL, '2023-06-01'),
(556, 56, 3, 'check out', '2023-06-10', '2023-06-24', NULL, NULL),
(557, 57, 2, 'renewal', '2023-06-15', '2023-06-29', '2023-06-25'),
(558, 58, 2, 'return', '2023-06-29', '2023-07-13', NULL, '2023-07-05'),
(559, 59, 2, 'check out', '2023-07-20', '2023-08-03', NULL, NULL),
(560, 60, 2, 'renewal', '2023-07-25', '2023-08-08', '2023-08-01'),
(561, 61, 1, 'return', '2023-08-08', '2023-08-22', NULL, '2023-08-15'),
(562, 62, 1, 'check out', '2023-08-30', '2023-09-13', NULL, NULL),
(563, 63, 1, 'renewal', '2023-09-05', '2023-09-19', '2023-09-12'),
(564, 64, 1, 'return', '2023-09-19', '2023-10-03', NULL, '2023-09-25'),
(565, 65, 2, 'check out', '2023-10-10', '2023-10-24', NULL, NULL),
(566, 66, 3, 'renewal', '2023-10-15', '2023-10-29', '2023-10-22'),
(567, 67, 3, 'return', '2023-10-29', '2023-11-12', NULL, '2023-11-05'),
(568, 68, 3, 'check out', '2023-11-15', '2023-11-29', NULL, NULL),
(569, 69, 4, 'renewal', '2023-11-20', '2023-12-04', '2023-11-30'),
(570, 70, 1, 'return', '2023-12-04', '2023-12-18', NULL, '2023-12-10'),
(571, 71, 1, 'check out', '2023-12-20', '2024-01-03', NULL, NULL),
(572, 72, 4, 'renewal', '2024-01-05', '2024-01-19', '2024-01-10'),
(573, 73, 4, 'return', '2024-01-19', '2024-02-02', NULL, '2024-01-25'),
(574, 74, 4, 'check out', '2024-02-10', '2024-02-24', NULL, NULL),
(575, 75, 4, 'renewal', '2024-02-15', '2024-03-01', '2024-02-20'),
(576, 76, 5, 'return', '2024-03-01', '2024-03-15', NULL, '2024-03-10'),
(577, 77, 5, 'check out', '2024-03-20', '2024-04-03', NULL, NULL),
(578, 78, 5, 'renewal', '2024-03-25', '2024-04-08', '2024-04-01'),
(579, 79, 5, 'return', '2024-04-08', '2024-04-22', NULL, '2024-04-15'),
(580, 80, 5, 'check out', '2024-04-30', '2024-05-14', NULL, NULL),
(581, 81, 4, 'renewal', '2024-05-05', '2024-05-19', '2024-05-10'),
(582, 82, 3, 'return', '2024-05-19', '2024-06-02', NULL, '2024-05-25'),
(583, 83, 2, 'check out', '2024-06-10', '2024-06-24', NULL, NULL),
(584, 84, 1, 'renewal', '2024-06-15', '2024-06-29', '2024-06-22'),
(585, 85, 1, 'return', '2024-06-29', '2024-07-13', NULL, '2024-07-05'),
(586, 86, 2, 'check out', '2024-07-20', '2024-08-03', NULL, NULL),
(587, 87, 3, 'renewal', '2024-08-01', '2024-08-15', '2024-08-10'),
(588, 88, 1, 'check out', '2024-08-01', '2024-08-10', NULL, NULL),
(589, 89, 1, 'renewal', '2024-08-02', '2024-08-12', '2024-08-08'),
(590, 90, 1, 'return', '2024-08-03', '2024-08-13', NULL, '2024-08-09'),
(591, 91, 2, 'check out', '2024-08-04', '2024-08-14', NULL, NULL),
(592, 92, 2, 'renewal', '2024-08-05', '2024-08-15', '2024-08-10'),
(593, 93, 2, 'return', '2024-08-06', '2024-08-16', NULL, '2024-08-11'),
(594, 94, 3, 'check out', '2024-08-07', '2024-08-17', NULL, NULL),
(595, 95, 3, 'renewal', '2024-08-08', '2024-08-18', '2024-08-12'),
(596, 96, 3, 'return', '2024-08-09', '2024-08-19', NULL, '2024-08-12'),
(597, 97, 4, 'check out', '2024-08-10', '2024-08-15', NULL, NULL),
(598, 98, 4, 'renewal', '2024-08-11', '2024-08-16', '2024-08-14'),
(599, 99, 4, 'return', '2024-08-12', '2024-08-17', NULL, '2024-08-13'),
(600, 100, 5, 'check out', '2024-08-13', '2024-08-18', NULL, NULL),
(601, 101, 5, 'renewal', '2024-08-14', '2024-08-19', '2024-08-15'),
(602, 102, 5, 'return', '2024-08-14', '2024-08-19', NULL, '2024-08-19'),
(603, 103, 3, 'check out', '2024-08-19', '2024-08-22', NULL, NULL);

-- #RETRIVAL COMMAND
-- (ques-1) LIST OF PUBLISHER AND  THEIR BOOKS KEPT IN THE LIBRARY
-- Query
select b.book_name,p.pub_name from book b
inner join publisher p on b.book_id=p.book_id;

-- (ques-2) WHO ARE THE MEMBER IN THE LIBRARY AND WHAT ARE THE BOOKS THEY HAVE BORROWED
-- Query
select b.book_name,brw.borrow_name from borrower brw inner join lending_book l on 
 brw.borrow_cardno = l.lending_cardno inner join book b on l.lending_book_id=b.book_id;  
 
 -- (ques-3) NEW ARRIVALS OF THE BOOK WHICH CAME IN THIS YEAR
 -- Query
 select book_name as Arrival_book,book_category,extract(year from date_of_arrival) 
 as year from book where extract(year from date_of_arrival)='2024';
 
 -- (ques-4) WHICH ARE THE BOOKS LIST WHICH HAS TO BE RETURN TO THE LIBRARY THIS MONTH AND WHO ARE THE MEMBERS TO GIVE INFORMATION
 -- Query
select brw.borrow_name,b.book_name,l.returneddate from borrower brw inner join  lending_book l on brw.borrow_cardno=l.lending_cardno inner join book b on 
  l.lending_book_id=b.book_id where extract(month from l.returneddate)=8;
  
-- (ques-5) WHAT ARE THE BOOKS HAS BEEN CHECKEDOUT
-- Query
select b.book_name,l.checkoutdate from book b inner join lending_book l on 
b.book_id=l.lending_book_id  where l.comment = 'check out';

-- (ques-6) PREPARE THE LATEST REPORT BORROWER NAME,CHECKOUTDATE,RETURNDATE,PUBLISHER NAME
-- Query
select brw.borrow_name,b.book_name,p.pub_name,l.checkoutdate,l.returneddate from
borrower brw inner join lending_book l on brw.borrow_cardno=l.lending_cardno
 inner join book b inner join publisher p on b.book_id=p.book_id ;
 
 -- (ques-7) WHAT ARE THE BOOKS RETURNED TODAY
-- Query
select brw.borrow_name,b.book_name,l.returneddate from lending_book l inner join borrower brw 
on l.lending_cardno=brw.borrow_cardno inner join book b on b.book_id=l.lending_book_id where l.returneddate=curdate();

-- (ques-8) WHAT ARE THE BOOKS BORROWED TODAY
-- Query 
select brw.borrow_name, b.book_id,b.book_name,br.branch_name,l.checkoutdate  from lending_book l 
inner join borrower brw on l.lending_cardno = brw.borrow_cardno inner join book b on b.book_id=l.lending_book_id 
inner join branch_info br using(book_id) where l.checkoutdate=curdate() ;

-- (question-9) WHAT ARE THE BOOKS ARE AVAILABLE IN LIBRARY
-- Query
select book_name as Available_book,book_category,author_name 
from book where book_status='Available' order by book_category; 

-- (question-10) WHAT ARE THE BOOKS NOT ARE AVAILABLE IN LIBRARY
-- Query
select book_name as Available_book,book_category,author_name from book 
where book_status='Not Available' order by book_category; 

-- (question 11) WHAT ARE THE BOOKS ARE  AVAILABLE IN ROMANTIC CATEGORY
-- Query
select book_name,book_category from book where book_category='romantic' and book_status='Available';


    
    




